{"acc": 0.720531504500643, "f1": 0.7237288135593222, "acc_and_f1": 0.7221301590299826}
{"acc": 0.7505357908272611, "f1": 0.7771822358346095, "acc_and_f1": 0.7638590133309353}
{"acc": 0.7571795970852979, "f1": 0.7877084504403223, "acc_and_f1": 0.7724440237628101}
{"acc": 0.6232318902700386, "f1": 0.7414705882352941, "acc_and_f1": 0.6823512392526663}
{"acc": 0.6645949421345907, "f1": 0.7243262286418883, "acc_and_f1": 0.6944605853882395}
{"acc": 0.6180882983283326, "f1": 0.7283536585365853, "acc_and_f1": 0.673220978432459}
{"acc": 0.5720102871838834, "f1": 0.5613880957610367, "acc_and_f1": 0.56669919147246}
{"acc": 0.5597942563223317, "f1": 0.7177796097829073, "acc_and_f1": 0.6387869330526195}
{"acc": 0.7567509644234891, "f1": 0.7797399573064233, "acc_and_f1": 0.7682454608649563}
{"acc": 0.6206600942991856, "f1": 0.7398589065255732, "acc_and_f1": 0.6802595004123794}
{"acc": 0.7151735962280326, "f1": 0.7765259794854549, "acc_and_f1": 0.7458497878567437}
{"acc": 0.6705957993999143, "f1": 0.7523763492830676, "acc_and_f1": 0.711486074341491}
